{"losses/q_values":-0.9157672,"charts/episodic_return":-200,"_runtime":2.3553319999999998,"charts/episodic_length":200,"_timestamp":1.730719150607609e+09,"losses/td_loss":5.2078034e-05,"global_step":6000,"_step":89,"charts/SPS":5171,"_wandb":{"runtime":2}}