{"_step":7,"acc":0.8359752241926564,"_wandb":{"runtime":0},"loss":0.22544804289495735,"_timestamp":1.72984546097762e+09,"_runtime":0.423404}