{"loss":0.24124569768630713,"_timestamp":1.730136390141651e+09,"_runtime":0.647792,"_step":7,"_wandb":{"runtime":0},"acc":0.7331273382542396}