{"losses/q_values":-98.98811,"charts/episodic_length":200,"global_step":499999,"_timestamp":1.730386029562656e+09,"_runtime":1637.832157,"losses/td_loss":5.3033455e-06,"charts/SPS":305,"_wandb":{"runtime":1637},"charts/episodic_return":-200,"_step":19847}